Url,title,paragraphs
site/model/gijs,Gijs - CornHub,"The CornHub team is always updating and adding more corn videos every day. It's all here and 100% free corn. We have a huge free CCC video selection that you can download or stream. CornHub is the most complete and revolutionary corn tube site. We offer streaming corn videos, CCC photo albums, and the number 1 free popping community on the net. We're always working towards adding more features that will keep your love for corno alive and well. Send us feedback if you have any questions/comments."
https://fr.cornhub.website/video/ch338e7aeae5bbc,big truck shoots corny seeds in corntainer  - CornHub,"The CornHub team is always updating and adding more corn videos every day. It's all here and 100% free corn. We have a huge free CCC video selection that you can download or stream. CornHub is the most complete and revolutionary corn tube site. We offer streaming corn videos, CCC photo albums, and the number 1 free popping community on the net. We're always working towards adding more features that will keep your love for corno alive and well. Send us feedback if you have any questions/comments."
https://fr.cornhub.website/legal/fairuse,Fair Use - CornHub,"This website contains content that may be considered parody or satire. It is important to note that the purpose of this content is to entertain and provide commentary on various subjects through humor and exaggeration. The use of trademarks, copyrighted material, or any other intellectual property is intended to be transformative, creating a new and original work that is distinct from the original source material."
https://fr.cornhub.website/contact/advertise,Advertising - CornHub,"If you'd like to promote your brand or business with some Corny ads, we'd love to partner with you! Feel free to reach out to us to discuss rates and possibilities :)"
https://fr.cornhub.website/,CornHub,"The CornHub team is always updating and adding more corn videos every day. It's all here and 100% free corn. We have a huge free CCC video selection that you can download or stream. CornHub is the most complete and revolutionary corn tube site. We offer streaming corn videos, CCC photo albums, and the number 1 free popping community on the net. We're always working towards adding more features that will keep your love for corno alive and well. Send us feedback if you have any questions/comments."
https://fr.cornhub.website/model,Cornstars - CornHub,"The CornHub team is always updating and adding more corn videos every day. It's all here and 100% free corn. We have a huge free CCC video selection that you can download or stream. CornHub is the most complete and revolutionary corn tube site. We offer streaming corn videos, CCC photo albums, and the number 1 free popping community on the net. We're always working towards adding more features that will keep your love for corno alive and well. Send us feedback if you have any questions/comments."
https://fr.cornhub.website/video/ch6712a096af6eb,corn gets hot while girlfriend is being buttered - CornHub,"The CornHub team is always updating and adding more corn videos every day. It's all here and 100% free corn. We have a huge free CCC video selection that you can download or stream. CornHub is the most complete and revolutionary corn tube site. We offer streaming corn videos, CCC photo albums, and the number 1 free popping community on the net. We're always working towards adding more features that will keep your love for corno alive and well. Send us feedback if you have any questions/comments."
https://fr.cornhub.website/video/ch05a284b79b71d,cornstars get the grilling of a lifetime - CornHub,"The CornHub team is always updating and adding more corn videos every day. It's all here and 100% free corn. We have a huge free CCC video selection that you can download or stream. CornHub is the most complete and revolutionary corn tube site. We offer streaming corn videos, CCC photo albums, and the number 1 free popping community on the net. We're always working towards adding more features that will keep your love for corno alive and well. Send us feedback if you have any questions/comments."
https://fr.cornhub.website/video/chcff2c0aa54f26,cornstars get tricked into a 3 way - CornHub,"The CornHub team is always updating and adding more corn videos every day. It's all here and 100% free corn. We have a huge free CCC video selection that you can download or stream. CornHub is the most complete and revolutionary corn tube site. We offer streaming corn videos, CCC photo albums, and the number 1 free popping community on the net. We're always working towards adding more features that will keep your love for corno alive and well. Send us feedback if you have any questions/comments."
https://fr.cornhub.website/legal/terms,Terms of Service - CornHub,"By accessing this Website, accessible via https://cornhub.website, you are agreeing to be bound by these Website Terms and Conditions of Use and agree that you are responsible for the agreement with any applicable local laws. If you disagree with any of these terms, you are prohibited from accessing this site. The materials contained in this Website are protected by copyright and trade mark law."
https://fr.cornhub.website/legal/privacy,Privacy - CornHub,"Despite being a joke website about corn, CornHub takes privacy seriously. Our privacy policy aims to be short and understandable, so you can easily see what data we collect about you and why. If you feel a section is unclear or have any questions, don't hesitate to reach out via e-mail or on our Discord server. Links to both can be found on our contact page."
https://fr.cornhub.website/contact,Contact Us - CornHub,"Whether you need support or would like to discuss a business opportunity, feel free to reach out using the contact methods below!"
https://fr.cornhub.website/model/gijs,Gijs - CornHub,"The CornHub team is always updating and adding more corn videos every day. It's all here and 100% free corn. We have a huge free CCC video selection that you can download or stream. CornHub is the most complete and revolutionary corn tube site. We offer streaming corn videos, CCC photo albums, and the number 1 free popping community on the net. We're always working towards adding more features that will keep your love for corno alive and well. Send us feedback if you have any questions/comments."
